,V_TINY,T_TINY,V_BSbs,T_BSbs,V_BBbs,T_BBbs
0,0.1466666728258133,0.028918361663818358,0.1625,0.03239889144897461,0.10891089290380478,0.15206427574157716
1,0.15555556043982505,0.05280833244323731,0.10625,0.06256613731384278,0.11287128776311875,0.30211734771728516
2,0.14222222715616226,0.0766232967376709,0.13125,0.09184098243713379,0.13267327100038528,0.4494304180145264
3,0.19111111611127854,0.10045647621154785,0.13125,0.12165269851684571,0.12970297038555145,0.5964308738708496
4,0.155555559694767,0.1255965232849121,0.11875,0.15157861709594728,0.13267326802015306,0.7433835506439209
5,0.20444444864988326,0.14971036911010743,0.1375,0.18106446266174317,0.13663366585969924,0.8912362098693848
6,0.20444444715976715,0.17403693199157716,0.18125,0.21076273918151855,0.12970297336578368,1.0384537696838378
7,0.1688888907432556,0.19828805923461915,0.15,0.24049935340881348,0.1455445557832718,1.1859603881835938
8,0.18666667342185975,0.22256593704223632,0.15,0.2701381206512451,0.13168317079544067,1.3333412170410157
9,0.151111114397645,0.24689807891845703,0.1875,0.2995181083679199,0.17029702961444854,1.4802940845489503
10,0.19555556029081345,0.27119016647338867,0.15,0.32899084091186526,0.175247523188591,1.626558256149292
11,0.16444444805383682,0.29546241760253905,0.20625,0.35913596153259275,0.1821782186627388,1.7733942985534668
12,0.19555555880069733,0.3196560859680176,0.2125,0.38864822387695314,0.20693069696426392,1.9209517955780029
13,0.19555556178092956,0.34397201538085936,0.2375,0.4181538105010986,0.18910891115665435,2.0712453842163088
14,0.18666667342185975,0.3681780338287354,0.23125,0.4483139991760254,0.20891089141368865,2.2218807220458983
15,0.18222222477197647,0.39236741065979003,0.21875,0.4783032417297363,0.23168316781520842,2.3707273960113526
16,0.17333333641290666,0.41635861396789553,0.29375,0.5076448917388916,0.2386138617992401,2.5193779468536377
17,0.1511111155152321,0.4404637336730957,0.3,0.5370769023895263,0.24653466045856476,2.6691211223602296
18,0.17333333641290666,0.46440925598144533,0.26875,0.566876745223999,0.22970297038555146,2.818576717376709
19,0.16888889372348787,0.48844375610351565,0.23125,0.596123218536377,0.25841584503650666,2.9673999786376952
20,0.1333333358168602,0.5123990535736084,0.275,0.6253348827362061,0.2712871342897415,3.117140197753906
21,0.20888889580965042,0.5364786624908447,0.225,0.6546675205230713,0.2762376248836517,3.2667359352111816
22,0.2133333384990692,0.5604675769805908,0.28125,0.6841054916381836,0.29603960514068606,3.4161871910095214
23,0.21777778565883638,0.584367036819458,0.275,0.7136622905731201,0.3019802004098892,3.565823554992676
24,0.19111111313104628,0.6082799911499024,0.375,0.7431211471557617,0.29108911454677583,3.7143523693084717
25,0.19555556029081345,0.6321342945098877,0.35,0.7727051258087159,0.3198019862174988,3.8623161792755125
26,0.16888889111578465,0.6560081958770752,0.3,0.8015405178070069,0.34851484894752505,4.010901355743409
27,0.16888889372348787,0.6798500537872314,0.31875,0.8307065963745117,0.35544553995132444,4.159987306594848
28,0.16444444805383682,0.7037026405334472,0.44375,0.8598738193511963,0.3316831707954407,4.309172344207764
29,0.2444444477558136,0.7275742053985595,0.425,0.88948974609375,0.35544553995132444,4.45779070854187
30,0.1511111155152321,0.7524528980255127,0.36875,0.9188536167144775,0.3792079210281372,4.606421995162964
31,0.16444444805383682,0.7795719146728516,0.3875,0.9480218410491943,0.3970297038555145,4.755872583389282
32,0.16888889223337172,0.8066987037658692,0.41875,0.9774686336517334,0.3871287226676941,4.904919242858886
33,0.14222222566604614,0.8305400371551513,0.39375,1.0069950580596925,0.37425742149353025,5.053951692581177
34,0.12444444894790649,0.8543724060058594,0.44375,1.0359551906585693,0.4059405982494354,5.204895639419556
35,0.1600000038743019,0.8781986236572266,0.39375,1.0651431560516358,0.42673267126083375,5.354048585891723
36,0.15555556118488312,0.9026103973388672,0.40625,1.0944464206695557,0.44356435537338257,5.504983425140381
37,0.19111111611127854,0.9265902519226075,0.44375,1.1232646465301515,0.4148514807224274,5.6585346221923825
38,0.18222222700715066,0.9507129192352295,0.48125,1.1526727199554443,0.4336633741855621,5.8111292839050295
39,0.16000000685453414,0.9747458457946777,0.4375,1.1816412448883056,0.47029703855514526,5.963652563095093
40,0.16000000536441802,0.9986592292785644,0.41875,1.211578941345215,0.4623762369155884,6.118134307861328
41,0.19555556178092956,1.0225701332092285,0.51875,1.240660810470581,0.4544554531574249,6.269213056564331
42,0.20000000596046447,1.0464610576629638,0.53125,1.2703747749328613,0.4673267364501953,6.4205341815948485
43,0.13333333879709244,1.0703828811645508,0.56875,1.2997093200683594,0.4613861382007599,6.570818901062012
44,0.2088888943195343,1.0942904949188232,0.48125,1.3290128707885742,0.48415842056274416,6.721217775344849
45,0.16888889521360398,1.118224859237671,0.44375,1.3581175804138184,0.4693069398403168,6.871818113327026
46,0.18666667193174363,1.1420877933502198,0.55,1.3875646114349365,0.49900990128517153,7.023407888412476
47,0.21777778267860412,1.1658968448638916,0.49375,1.4170475482940674,0.5009901046752929,7.175132417678833
48,0.16444444805383682,1.1897141456604003,0.49375,1.4461310386657715,0.5118811964988709,7.325624752044678
49,0.14222222566604614,1.2135747432708741,0.55,1.4755537033081054,0.5089108943939209,7.476226282119751
50,0.13777777999639512,1.2374424934387207,0.575,1.504448127746582,0.5089109063148498,7.628081893920898
51,0.13333333730697633,1.2613057613372802,0.5625,1.534175157546997,0.5396039605140686,7.781774806976318
52,0.1866666704416275,1.285127592086792,0.51875,1.5631949424743652,0.5613861441612243,7.933266019821167
53,0.1688888907432556,1.3089236736297607,0.51875,1.5922883987426757,0.5396039605140686,8.085138463974
54,0.18222222477197647,1.332726526260376,0.5375,1.6211792945861816,0.5801980137825012,8.23759479522705
55,0.17777778208255768,1.3565550327301026,0.48125,1.6508848190307617,0.5425742506980896,8.38875937461853
56,0.19111111611127854,1.380363941192627,0.48125,1.6798544883728028,0.5683168292045593,8.539166784286499
57,0.16444444954395293,1.4042224884033203,0.5625,1.7091545581817627,0.5574257493019104,8.690546560287476
58,0.19555556178092956,1.428018283843994,0.5875,1.7384623050689698,0.5782178163528442,8.844369173049927
59,0.19555556178092956,1.4518868446350097,0.55,1.7679097652435303,0.5821782112121582,8.998379182815551
60,0.16444444805383682,1.475675916671753,0.60625,1.7970510482788087,0.59702969789505,9.151795578002929
61,0.17777778208255768,1.4994584560394286,0.61875,1.8258583545684814,0.5841584205627441,9.304222774505615
62,0.20000000447034835,1.5232367515563965,0.56875,1.855302667617798,0.5782178163528442,9.456701564788819
63,0.19111111611127854,1.5470788955688477,0.58125,1.8845882415771484,0.596039605140686,9.611654901504517
64,0.1600000038743019,1.5716323375701904,0.6375,1.9139426231384278,0.6049504995346069,9.765565156936646
65,0.19111111611127854,1.595640230178833,0.58125,1.9428355693817139,0.612871277332306,9.919118738174438
66,0.1866666704416275,1.6196303844451905,0.65625,1.972716760635376,0.5900990247726441,10.074786853790282
67,0.12444444894790649,1.6436287879943847,0.65625,2.0018775939941404,0.6178217768669129,10.228283452987672
68,0.15111111402511596,1.6674912929534913,0.55,2.0310160160064696,0.6049504995346069,10.380872297286988
69,0.19555556178092956,1.6913912296295166,0.5875,2.0604886054992675,0.607920789718628,10.534847211837768
70,0.17333333641290666,1.7152321338653564,0.6125,2.0897603034973145,0.6207920670509338,10.689229488372803
71,0.18222222477197647,1.7391599655151366,0.55625,2.1191309452056886,0.6465346574783325,10.843229818344117
72,0.19111111760139465,1.7629946708679198,0.61875,2.1482176780700684,0.6178217768669129,10.994953680038453
73,0.16000000536441802,1.7868779182434082,0.61875,2.177639675140381,0.6376237630844116,11.147805738449097
74,0.18666667193174363,1.8107828140258788,0.58125,2.207231616973877,0.6277227640151978,11.302653884887695
75,0.17333333939313889,1.8346827030181885,0.65,2.2364970684051513,0.6504950404167176,11.456087064743041
76,0.2133333370089531,1.858583116531372,0.625,2.2658934593200684,0.6277227640151978,11.610008478164673
77,0.14222222566604614,1.8824614524841308,0.58125,2.2950369834899904,0.6089108943939209,11.760719156265258
78,0.1866666704416275,1.9063664436340333,0.625,2.32433876991272,0.6455445528030396,11.911204528808593
79,0.23555555939674377,1.9301647663116455,0.56875,2.353497123718262,0.6405940651893616,12.06096339225769
80,0.1777777835726738,1.9540348052978516,0.725,2.382789134979248,0.6554455518722534,12.211089515686036
81,0.1511111155152321,1.9778800010681152,0.66875,2.411969804763794,0.695049500465393,12.361171102523803
82,0.14222222417593003,2.0017563819885256,0.53125,2.441541910171509,0.6386138558387756,12.511215019226075
83,0.20888889729976653,2.025629472732544,0.65625,2.470831823348999,0.6435643553733825,12.661678361892701
84,0.2133333370089531,2.049482583999634,0.6125,2.5001136302947997,0.6643564343452454,12.812487459182739
85,0.22222222983837128,2.0733469486236573,0.63125,2.529333543777466,0.6693069338798523,12.962191152572633
86,0.1600000038743019,2.0972078323364256,0.65,2.559224987030029,0.6891089081764221,13.112501192092896
87,0.18222222477197647,2.121110534667969,0.6,2.5881470680236816,0.6554455399513245,13.26394443511963
88,0.1600000038743019,2.1449531078338624,0.6,2.617270517349243,0.6722772240638732,13.415465450286865
89,0.17333333641290666,2.168821620941162,0.61875,2.646555471420288,0.6653465151786804,13.566913986206055
90,0.2088888928294182,2.1926442623138427,0.7375,2.6764715194702147,0.693069326877594,13.717053604125976
91,0.16888889372348787,2.2165525436401365,0.65,2.705798530578613,0.6920791983604431,13.86565704345703
92,0.21777778267860412,2.240773582458496,0.7125,2.7348973751068115,0.6623762369155883,14.013959550857544
93,0.16444444954395293,2.2647019386291505,0.58125,2.7647124767303466,0.705940592288971,14.162418365478516
94,0.18666666895151138,2.2885666370391844,0.625,2.793746089935303,0.6673267364501954,14.311146450042724
95,0.20444444864988326,2.312530279159546,0.6625,2.8230787754058837,0.6782178282737732,14.459717750549316
96,0.1600000023841858,2.3363468170166017,0.625,2.8521839141845704,0.6871287107467652,14.60807032585144
97,0.16444444805383682,2.360178279876709,0.63125,2.8818532943725588,0.6831683278083801,14.756720209121704
98,0.21333333998918533,2.3840465545654297,0.69375,2.9109711170196535,0.6801980137825012,14.90495982170105
99,0.18666666895151138,2.4080432891845702,0.675,2.940252494812012,0.6841584205627441,15.053466272354125
100,0.20000000298023224,2.432191324234009,0.61875,2.969363832473755,0.6910891056060791,15.201991510391235
101,0.17777778059244156,2.456331396102905,0.73125,2.9993152618408203,0.6841584324836731,15.350330066680907
102,0.19111111760139465,2.4802452087402345,0.6,3.0285255908966064,0.7029703021049499,15.498644924163818
103,0.16000000536441802,2.5041778564453123,0.69375,3.0580095767974855,0.6940593957901001,15.646934938430785
104,0.13777778297662735,2.528044414520264,0.69375,3.0873815059661864,0.689108920097351,15.794247341156005
105,0.18666667118668556,2.551878786087036,0.6625,3.116581439971924,0.6930693030357361,15.941367816925048
106,0.18222222477197647,2.5757229328155518,0.64375,3.1462087631225586,0.6831683278083801,16.088330602645875
107,0.17777778208255768,2.599668598175049,0.64375,3.1754324436187744,0.7168316721916199,16.236942481994628
108,0.17333333641290666,2.6235727787017824,0.64375,3.2051316261291505,0.6742574214935303,16.38591594696045
109,0.16888888999819757,2.6474886894226075,0.63125,3.2349005699157716,0.702970290184021,16.533020973205566
110,0.155555559694767,2.6714558601379395,0.6625,3.2649024963378905,0.695049500465393,16.679392051696777
111,0.2088888928294182,2.6954259872436523,0.6875,3.294069242477417,0.6980197906494141,16.826265001296996
112,0.22608695328235626,2.7253403663635254,0.74375,3.3239787101745604,0.6891089081764221,16.972829580307007
113,0.16086955964565278,2.7508713245391845,0.71875,3.3536148071289062,0.699999988079071,17.119408321380615
114,0.2,2.776325798034668,0.6125,3.382852840423584,0.7178217768669128,17.266187524795534
115,0.22173913121223449,2.801811933517456,0.7,3.4121604919433595,0.6960396289825439,17.41187491416931
116,0.23478260338306428,2.8283036231994627,0.7,3.4416889190673827,0.7207920789718628,17.557062339782714
117,0.1869565188884735,2.8538599967956544,0.6375,3.471475839614868,0.7247524738311768,17.70256471633911
118,0.22608695179224014,2.879304122924805,0.73125,3.501212644577026,0.7049505114555359,17.848374319076537
119,0.21739130318164826,2.904714822769165,0.71875,3.5307432651519775,0.7069306969642639,17.997481203079225
120,0.24347825795412065,2.929939603805542,0.64375,3.5605592250823976,0.7386138558387756,18.14524903297424
121,0.26086956560611724,2.955248212814331,0.71875,3.5904894828796388,0.7118812084197998,18.292126417160034
122,0.2043478235602379,2.9804372787475586,0.6875,3.6201523303985597,0.699009895324707,18.44066858291626
123,0.20869565159082412,3.005665636062622,0.68125,3.649783802032471,0.6910891056060791,18.589904689788817
124,0.22608695775270463,3.0310720920562746,0.7125,3.6797261238098145,0.7346534848213195,18.737209510803222
125,0.19130434542894365,3.0562157154083254,0.7125,3.709348678588867,0.7415841460227967,18.88313145637512
126,0.22173912525177003,3.0814657688140867,0.70625,3.738767147064209,0.7029703021049499,19.028540992736815
127,0.20434782207012175,3.1066699981689454,0.70625,3.7685061931610107,0.7504950523376465,19.17386178970337
128,0.25652173459529876,3.1319385528564454,0.74375,3.798352527618408,0.7138613820075989,19.319392347335814
129,0.23043477833271026,3.15734977722168,0.73125,3.8278552055358888,0.7217821955680848,19.465310955047606
130,0.23913043439388276,3.1824917793273926,0.6875,3.8575489997863768,0.7227722764015198,19.612279844284057
131,0.2391304314136505,3.2076135635375977,0.70625,3.886987543106079,0.7405940651893616,19.758739852905272
132,0.2,3.232746696472168,0.675,3.9166335105895995,0.7128712892532348,19.905410289764404
133,0.21304347813129426,3.258070707321167,0.7125,3.9462289333343508,0.7504950523376465,20.053174448013305
134,0.247826087474823,3.283126401901245,0.7,3.975811243057251,0.7683168292045593,20.20145411491394
135,0.21304347962141038,3.308162546157837,0.725,4.005963706970215,0.7277227640151978,20.35302577018738
136,0.20434782207012175,3.333236742019653,0.7375,4.035479879379272,0.7287128686904907,20.501214122772218
137,0.19999999850988387,3.358342504501343,0.73125,4.065192413330078,0.7386138677597046,20.650622415542603
138,0.19565216898918153,3.3834757804870605,0.725,4.094571352005005,0.7445544481277466,20.799324655532835
139,0.23043478429317474,3.4085631370544434,0.68125,4.124296998977661,0.7475247502326965,20.948450565338135
140,0.20869564563035964,3.433637857437134,0.6875,4.153979539871216,0.7287128686904907,21.097325229644774
141,0.2956521689891815,3.4587316036224367,0.65625,4.183591651916504,0.7306930780410766,21.245444774627686
142,0.23478260785341262,3.483940315246582,0.6875,4.213466930389404,0.7623762488365173,21.3941819190979
143,0.23043478280305862,3.509012746810913,0.7,4.2435049533844,0.7336633682250977,21.542920351028442
144,0.2043478235602379,3.5340128898620606,0.725,4.273334169387818,0.7544554352760315,21.69166612625122
145,0.23913043290376662,3.5589790821075438,0.73125,4.302856969833374,0.7316831588745117,21.840075778961182
146,0.24347825944423676,3.5839285373687746,0.73125,4.332391309738159,0.7316831707954407,21.988912296295165
147,0.22173912972211837,3.609015941619873,0.69375,4.362310934066772,0.7534653544425964,22.13595132827759
148,0.26521738767623904,3.633915901184082,0.75625,4.391625595092774,0.7435643434524536,22.28411445617676
149,0.19130434691905976,3.6589357376098635,0.73125,4.421029901504516,0.7396039485931396,22.433342504501343
150,0.23913043439388276,3.6838682651519776,0.725,4.450529003143311,0.7405940651893616,22.58247752189636
151,0.23478260338306428,3.708739423751831,0.8,4.4803670883178714,0.7455445528030396,22.730678176879884
152,0.23043477833271026,3.7339266300201417,0.6875,4.510082054138183,0.7851485013961792,22.87974934577942
153,0.2260869562625885,3.75878791809082,0.675,4.539467430114746,0.7198019862174988,23.02804732322693
154,0.252173912525177,3.783654880523682,0.69375,4.569402885437012,0.7425742745399475,23.17545442581177
155,0.26956522166728974,3.808505725860596,0.725,4.598653125762939,0.7584158420562744,23.323175573348998
156,0.22608696073293685,3.833385467529297,0.75625,4.627954006195068,0.7435643553733826,23.470495080947877
157,0.21304347962141038,3.858505964279175,0.7125,4.657483339309692,0.7485148429870605,23.618450736999513
158,0.25217391550540924,3.8833447456359864,0.71875,4.687078428268433,0.7514851570129395,23.765578174591063
159,0.2695652186870575,3.908150815963745,0.7,4.71657280921936,0.7396039605140686,23.91478247642517
160,0.2347826063632965,3.9330174922943115,0.73125,4.74593505859375,0.7396039724349975,24.064355850219727
161,0.22173912525177003,3.958149862289429,0.75,4.775566482543946,0.7594059228897094,24.211904954910278
162,0.22608695477247237,3.9830278873443605,0.725,4.805294752120972,0.7504950523376465,24.359597301483156
163,0.20000000223517417,4.007839059829712,0.79375,4.834711599349975,0.7623762369155884,24.5062668800354
164,0.28695652186870574,4.032796001434326,0.7125,4.864241743087769,0.7594059348106384,24.65499129295349
165,0.2695652097463608,4.05779767036438,0.6875,4.893480348587036,0.7445544600486755,24.81685166358948
166,0.26521739065647126,4.08274130821228,0.75625,4.923011922836304,0.7356435656547546,24.964737749099733
167,0.27391303777694703,4.10755033493042,0.73125,4.952545118331909,0.7514851570129395,25.112888765335082
168,0.2652173891663551,4.132449102401734,0.70625,4.981963157653809,0.7415841579437256,25.26090784072876
169,0.304347825050354,4.15726637840271,0.7,5.011633443832397,0.7514851570129395,25.409345960617067
170,0.256521737575531,4.182281064987182,0.74375,5.041357326507568,0.7712871313095093,25.55858998298645
171,0.208695650100708,4.207187604904175,0.69375,5.0710187435150145,0.7386138677597046,25.707016801834108
172,0.2652173891663551,4.232125997543335,0.71875,5.100216865539551,0.7425742626190186,25.85507845878601
173,0.2739130437374115,4.257138204574585,0.75625,5.129728937149048,0.7782178163528443,26.004231405258178
174,0.217391300201416,4.282030153274536,0.70625,5.159305906295776,0.7732673168182373,26.150781393051147
175,0.2782608732581139,4.3070008754730225,0.70625,5.18869366645813,0.7762376308441162,26.296875190734863
176,0.2347826063632965,4.331893348693848,0.71875,5.218349552154541,0.7504950523376465,26.4433012008667
177,0.2739130347967148,4.356791925430298,0.76875,5.248040056228637,0.7445544600486755,26.589752531051637
178,0.26086956560611724,4.3816839218139645,0.75625,5.277684831619263,0.7782178163528443,26.734748554229736
179,0.22173912823200226,4.4065240859985355,0.75,5.306960535049439,0.7326732754707337,26.882406568527223
180,0.2826086923480034,4.4314751625061035,0.7,5.336391544342041,0.7910891056060791,27.02999415397644
181,0.26956521421670915,4.456136751174927,0.7125,5.366215562820434,0.7683168292045593,27.176169061660765
182,0.2434782564640045,4.48082218170166,0.68125,5.395452928543091,0.7633663415908813,27.326527786254882
183,0.256521737575531,4.50552806854248,0.78125,5.424656105041504,0.7821782112121582,27.474598121643066
184,0.217391300201416,4.530298376083374,0.71875,5.454218006134033,0.7732673287391663,27.62296872138977
185,0.269565212726593,4.555758666992188,0.7375,5.483982849121094,0.7821782231330872,27.77236704826355
186,0.2782608687877655,4.580722236633301,0.78125,5.513628816604614,0.7613861441612244,27.922605562210084
187,0.2391304314136505,4.605510425567627,0.7625,5.5429328918457035,0.7455445528030396,28.071701335906983
188,0.2869565159082413,4.630313920974731,0.725,5.57284255027771,0.7623762369155884,28.220348358154297
189,0.247826087474823,4.655358076095581,0.80625,5.602183771133423,0.7762376070022583,28.369513082504273
190,0.3000000029802322,4.680180978775025,0.7875,5.63144965171814,0.7633663415908813,28.518942737579344
191,0.26521738767623904,4.704998874664307,0.75,5.661011838912964,0.7742574214935303,28.668407344818114
192,0.2826086938381195,4.729971981048584,0.78125,5.690746641159057,0.7673267364501953,28.81845440864563
193,0.2739130467176437,4.754828834533692,0.775,5.720391941070557,0.7623762369155884,28.96790418624878
194,0.28695652186870574,4.779662990570069,0.71875,5.749871444702149,0.7712871313095093,29.11795425415039
195,0.24347825795412065,4.804420709609985,0.7375,5.77949481010437,0.7603960514068604,29.267336225509645
196,0.26521738767623904,4.829305124282837,0.775,5.809312629699707,0.799009895324707,29.416580533981325
197,0.29565217792987825,4.854025983810425,0.7625,5.838411092758179,0.7762376070022583,29.56578049659729
198,0.260869562625885,4.878974199295044,0.7375,5.867448806762695,0.7693069219589234,29.71547360420227
199,0.2521739095449448,4.904300022125244,0.7875,5.896617889404297,0.7554455399513245,29.867122459411622
200,0.269565212726593,4.92918176651001,0.75,5.926295185089112,0.7851485133171081,30.017264652252198
201,0.2391304314136505,4.9539711475372314,0.775,5.955689334869385,0.7663366317749023,30.16670928001404
202,0.295652174949646,4.978733015060425,0.78125,5.9851597309112545,0.7811881184577942,30.316220092773438
203,0.2565217435359955,5.0036359310150145,0.78125,6.014796400070191,0.7623762369155884,30.46757836341858
204,0.33913043737411497,5.028429698944092,0.8125,6.044501924514771,0.7564356446266174,30.61769304275513
205,0.2869565188884735,5.055049896240234,0.7625,6.074320888519287,0.7861385941505432,30.767063856124878
206,0.19999999850988387,5.08033857345581,0.78125,6.103700733184814,0.798019802570343,30.9168972492218
207,0.32173912823200224,5.105588960647583,0.80625,6.1333427906036375,0.7762376189231872,31.0662700176239
208,0.28695652484893797,5.131191968917847,0.7375,6.163090753555298,0.7623762369155884,31.217017316818236
209,0.28260868936777117,5.1564695835113525,0.69375,6.192645692825318,0.8069306969642639,31.366458654403687
210,0.22173912227153778,5.18170804977417,0.7375,6.22234034538269,0.7841584205627441,31.515406227111818
211,0.2521739095449448,5.206938314437866,0.76875,6.252411508560181,0.7673267364501953,31.66605062484741
212,0.21739130467176437,5.232542419433594,0.775,6.282388067245483,0.7811881184577942,31.816698408126832
213,0.30434782803058624,5.258933877944946,0.75,6.312108898162842,0.7732673168182373,31.96828293800354
214,0.24782609045505524,5.284128189086914,0.775,6.341896200180054,0.7851485133171081,32.11930871009827
215,0.27391304075717926,5.3091394901275635,0.78125,6.372075366973877,0.7801980257034302,32.270420503616336
216,0.2826086938381195,5.334225702285766,0.7375,6.40154767036438,0.7861386179924011,32.42148084640503
217,0.252173912525177,5.35955319404602,0.79375,6.431023645401001,0.7831683039665223,32.57450876235962
218,0.26086956411600115,5.384782123565674,0.79375,6.461025762557983,0.7762376189231872,32.727586603164674
219,0.29130434095859525,5.410080814361573,0.7625,6.49053053855896,0.7772277235984802,32.880516576766965
220,0.25217390805482864,5.43607530593872,0.75,6.520366621017456,0.7633663296699524,33.03212037086487
221,0.38998349010944366,5.476477575302124,0.80625,6.549856948852539,0.7811881065368652,33.18346905708313
222,0.395376992225647,5.511847829818725,0.76875,6.58076286315918,0.7772277235984802,33.334573316574094
223,0.3574023127555847,5.547383785247803,0.775,6.610178756713867,0.8029703021049499,33.49004225730896
224,0.41783158481121063,5.583651781082153,0.78125,6.6394764423370365,0.7782178282737732,33.644838619232175
225,0.3762245446443558,5.61964111328125,0.8,6.669346809387207,0.7772277116775512,33.79993696212769
226,0.3798569142818451,5.655440616607666,0.81875,6.699029636383057,0.7801980257034302,33.95523829460144
227,0.4077050179243088,5.691159057617187,0.825,6.728767347335816,0.7811881065368652,34.10928931236267
228,0.4048431575298309,5.727007007598877,0.725,6.7583372592926025,0.7940593957901001,34.261846733093265
229,0.40627408027648926,5.762648677825927,0.76875,6.78824372291565,0.7792079210281372,34.414808940887454
230,0.37083103954792024,5.7983818531036375,0.75,6.817687749862671,0.7881188273429871,34.56721596717834
231,0.39323059022426604,5.834031248092652,0.81875,6.847238540649414,0.7732673406600952,34.71941614151001
232,0.447165647149086,5.869765186309815,0.825,6.876944494247437,0.7821782231330872,34.870498943328855
233,0.42801321148872373,5.905443239212036,0.75,6.90674352645874,0.7792079091072083,35.020979976654054
234,0.387837091088295,5.9412193775177,0.75,6.936433982849121,0.8089108943939209,35.172135734558104
235,0.4594386398792267,5.976978731155396,0.76875,6.9661046981811525,0.793069314956665,35.32154607772827
236,0.3870665967464447,6.012959575653076,0.7625,6.996195554733276,0.8069306969642639,35.4709068775177
237,0.3936158508062363,6.0486448287963865,0.825,7.025942993164063,0.7782178282737732,35.620888805389406
238,0.3856356620788574,6.084370565414429,0.76875,7.0553497791290285,0.7861386060714721,35.7719630241394
239,0.3917996734380722,6.120140743255615,0.78125,7.084874391555786,0.7930693030357361,35.92398195266723
240,0.43093010485172273,6.15590615272522,0.74375,7.114567518234253,0.7970296978950501,36.075595712661745
241,0.3179416641592979,6.191642475128174,0.78125,7.145327520370484,0.7871287107467652,36.227597904205325
242,0.412768292427063,6.227399444580078,0.75625,7.175369787216186,0.7801980257034302,36.38167090415955
243,0.3740781515836716,6.2631144523620605,0.75625,7.205067539215088,0.7653465509414673,36.53388395309448
244,0.40115575194358827,6.298917961120606,0.8,7.236263132095337,0.799999988079071,36.68552622795105
245,0.4091359287500381,6.33464732170105,0.74375,7.266036176681519,0.7861386179924011,36.83905348777771
246,0.40264171957969663,6.370381927490234,0.7375,7.295874071121216,0.7772276997566223,36.99097146987915
247,0.39543203711509706,6.406187915802002,0.75625,7.326168870925903,0.7910891056060791,37.141713523864745
248,0.42724270820617677,6.441932439804077,0.81875,7.356148624420166,0.7782178163528443,37.29428954124451
249,0.4355531096458435,6.477676916122436,0.79375,7.386018514633179,0.801980197429657,37.446741580963135
250,0.3440286099910736,6.513414144515991,0.7875,7.41638069152832,0.8188118815422059,37.596868228912356
251,0.38596588373184204,6.5491495609283445,0.75625,7.446291399002075,0.798019802570343,37.74859790802002
252,0.3736929029226303,6.5850300788879395,0.80625,7.475975847244262,0.7722772359848022,37.89977321624756
253,0.4106218993663788,6.6207880020141605,0.79375,7.505905961990356,0.8108910918235779,38.05072016716004
254,0.4276279628276825,6.656532716751099,0.825,7.535976886749268,0.7683168530464173,38.2014340877533
255,0.40231150984764097,6.692491912841797,0.76875,7.565908336639405,0.7801980257034302,38.35058979988098
256,0.4113373726606369,6.7282490730285645,0.7875,7.595570802688599,0.794059407711029,38.498672580718996
257,0.48442486524581907,6.7641575813293455,0.73125,7.625325775146484,0.7831682920455932,38.647617721557616
258,0.4149697333574295,6.799832010269165,0.7875,7.655074214935302,0.7841584086418152,38.79594144821167
259,0.40588882863521575,6.8356091499328615,0.8375,7.684570932388306,0.7752475261688232,38.944770860671994
260,0.34111171662807466,6.871579170227051,0.79375,7.714290428161621,0.8079207897186279,39.09356060028076
261,0.4037424325942993,6.907372283935547,0.74375,7.74405255317688,0.7881188154220581,39.24258122444153
262,0.4319207400083542,6.94311933517456,0.79375,7.7739509582519535,0.7970296978950501,39.39152908325195
263,0.41711612939834597,6.978909540176391,0.7875,7.803564882278442,0.8049504876136779,39.54033765792847
264,0.42724270820617677,7.014719533920288,0.7625,7.83325572013855,0.801980197429657,39.68943305015564
265,0.4507980227470398,7.050354623794556,0.8125,7.863507270812988,0.7910891175270081,39.83802900314331
266,0.4077050179243088,7.085897541046142,0.79375,7.8931904315948485,0.7881188154220581,39.98757095336914
267,0.3772702246904373,7.121448230743408,0.7875,7.922869920730591,0.8059406042098999,40.13670125007629
268,0.41243809163570405,7.156886720657349,0.8125,7.952640342712402,0.8168316841125488,40.28889441490173
269,0.42652723789215086,7.1923487186431885,0.825,7.982474374771118,0.8158415913581848,40.441852760314944
270,0.4413318634033203,7.2278319835662845,0.80625,8.011928701400757,0.7881188035011292,40.59167628288269
271,0.427627956867218,7.263365793228149,0.7375,8.041632509231567,0.796039593219757,40.74206666946411
272,0.4261419832706451,7.298919677734375,0.79375,8.07159218788147,0.7881188035011292,40.89181027412415
273,0.4315354973077774,7.334465742111206,0.80625,8.100974893569946,0.8108911037445068,41.04144759178162
274,0.42146394550800326,7.3699376583099365,0.78125,8.130647754669189,0.806930685043335,41.191203594207764
275,0.40880572497844697,7.4055260181427,0.80625,8.160548305511474,0.7851485133171081,41.34094586372375
276,0.4232250899076462,7.441117429733277,0.725,8.19044246673584,0.7752475261688232,41.49120569229126
277,0.3530544817447662,7.476740789413452,0.78125,8.220166158676147,0.7900990009307861,41.64148926734924
278,0.43450742661952974,7.512334489822388,0.84375,8.250048780441285,0.798019802570343,41.791347932815555
279,0.4402861922979355,7.547758722305298,0.7625,8.279765558242797,0.794059407711029,41.94190874099731
280,0.43340671956539156,7.583265924453736,0.85,8.30930781364441,0.7732673168182373,42.093555498123166
281,0.4214639633893967,7.618651580810547,0.83125,8.339081430435181,0.7851485013961792,42.242092752456664
282,0.3975784212350845,7.654847526550293,0.7875,8.368788003921509,0.8267326831817627,42.3889398097992
283,0.4518437087535858,7.690259075164795,0.81875,8.39893617630005,0.790099024772644,42.535634994506836
284,0.43015960454940794,7.725635671615601,0.8125,8.428476572036743,0.8049504876136779,42.682329177856445
285,0.45414143800735474,7.766208744049072,0.8,8.458132791519166,0.8118811964988708,42.82937474250794
286,0.48159603476524354,7.802892684936523,0.825,8.487784671783448,0.794059407711029,42.97970128059387
287,0.40926802158355713,7.840303754806518,0.775,8.516803407669068,0.7861386179924011,43.12951760292053
288,0.46052697002887727,7.8769652366638185,0.775,8.54599905014038,0.7920791983604432,43.277893447875975
289,0.4608310341835022,7.913614797592163,0.80625,8.575147104263305,0.799009907245636,43.42616786956787
290,0.45171848237514495,7.950178241729736,0.8125,8.607404327392578,0.800000011920929,43.574298524856566
291,0.4221353828907013,7.98634090423584,0.78125,8.63695936203003,0.799009895324707,43.722864103317264
292,0.46819896101951597,8.022525596618653,0.74375,8.666536378860474,0.803960382938385,43.871391201019286
293,0.4450784206390381,8.058663845062256,0.83125,8.696098566055298,0.8,44.01779584884643
294,0.43407815098762514,8.094896507263183,0.8,8.725521850585938,0.8227722764015197,44.16538281440735
295,0.42724408507347106,8.131016445159911,0.76875,8.755569791793823,0.8128712773323059,44.3131519317627
296,0.4383310377597809,8.167133474349976,0.88125,8.785066175460816,0.798019814491272,44.46019024848938
297,0.46646944880485536,8.203302145004272,0.79375,8.814638090133666,0.803960382938385,44.60766468048096
298,0.4067996710538864,8.239406251907349,0.8375,8.84440369606018,0.8039603948593139,44.75486555099487
299,0.4586791455745697,8.275924348831177,0.8125,8.87392225265503,0.7930692911148072,44.90228180885315
300,0.48557236790657043,8.312627601623536,0.85625,8.903088283538818,0.8207920908927917,45.04917950630188
301,0.4648115038871765,8.349212265014648,0.8125,8.93219451904297,0.7980197906494141,45.196330070495605
302,0.4316235542297363,8.385425090789795,0.775,8.961790513992309,0.8099009990692139,45.34369950294494
303,0.42232526540756227,8.422070074081422,0.80625,8.991063976287842,0.8168316841125488,45.49094467163086
304,0.4715960383415222,8.458680820465087,0.7875,9.020501804351806,0.798019802570343,45.637724208831784
305,0.4752283990383148,8.495250225067139,0.8,9.049772691726684,0.8049505114555359,45.784031820297244
306,0.49165932536125184,8.531840467453003,0.7375,9.079696130752563,0.804950499534607,45.93061766624451
307,0.45536875128746035,8.568455982208253,0.825,9.10907015800476,0.8089108824729919,46.07732291221619
308,0.46049532294273376,8.60500235557556,0.8125,9.1385826587677,0.8079207897186279,46.22683153152466
309,0.4655269652605057,8.641532039642334,0.7625,9.16803765296936,0.8267326712608337,46.37523550987244
310,0.45410979390144346,8.678067207336426,0.76875,9.199281978607178,0.805940592288971,46.52337827682495
311,0.4838511347770691,8.714539909362793,0.8125,9.229111623764037,0.8207920789718628,46.67127828598022
312,0.462261962890625,8.751148700714111,0.79375,9.258706283569335,0.8089108824729919,46.81959991455078
313,0.46624243855476377,8.78757586479187,0.79375,9.28852620124817,0.7851485133171081,46.96710028648376
314,0.46584892868995664,8.824079370498657,0.7375,9.318554401397705,0.8148514747619628,47.11467118263245
315,0.43971656560897826,8.860703706741333,0.825,9.348251295089721,0.794059407711029,47.262004137039185
316,0.4654953181743622,8.897352838516236,0.8125,9.378379249572754,0.8108910918235779,47.40949010848999
317,0.45102092027664187,8.933969449996948,0.75625,9.408418655395508,0.8118811845779419,47.55732927322388
318,0.46992018818855286,8.970586156845092,0.8625,9.438104915618897,0.8336633801460266,47.70507702827454
319,0.42866126000881194,9.007123804092407,0.79375,9.467824935913086,0.8108911037445068,47.85349187850952
320,0.510943865776062,9.043769979476929,0.75,9.497204160690307,0.795049500465393,48.00143790245056
321,0.46535086035728457,9.080407571792602,0.80625,9.526934671401978,0.8316831588745117,48.14828157424927
322,0.4785704374313354,9.117034959793092,0.83125,9.556574296951293,0.8089108943939209,48.29566659927368
323,0.4524834811687469,9.153651762008668,0.8125,9.586160659790039,0.8138614058494568,48.44213981628418
324,0.48408228158950806,9.190280199050903,0.81875,9.615376091003418,0.8128712773323059,48.58880043029785
325,0.47832553684711454,9.226595449447633,0.80625,9.645867824554443,0.799009907245636,48.73463091850281
326,0.48224821388721467,9.262942743301391,0.8125,9.67549934387207,0.8257425665855408,48.88044576644897
327,0.4572482168674469,9.299334526062012,0.825,9.705207443237304,0.8178217768669128,49.02698512077332
328,0.42788249254226685,9.335696792602539,0.80625,9.734973764419555,0.8168316841125488,49.17290263175964
329,0.4630269706249237,9.372079849243164,0.825,9.764599704742432,0.8138613939285279,49.318704748153685
330,0.4745762348175049,9.409525823593139,0.75,9.794531869888306,0.7970296978950501,49.4649420261383
331,0.46514171063899995,9.446127986907959,0.8125,9.823943328857421,0.8158415794372559,49.611192560195924
332,0.4685842037200928,9.482882165908814,0.8,9.853325748443604,0.8316831588745117,49.75708608627319
333,0.463787841796875,9.520796394348144,0.78125,9.882709264755249,0.8217821836471557,49.902218675613405
334,0.4781494110822678,9.55809736251831,0.775,9.91210708618164,0.8227722764015197,50.046536684036255
335,0.5228549778461457,9.595045614242554,0.78125,9.942193412780762,0.8227722764015197,50.19158730506897
336,0.45533709824085233,9.632155179977417,0.74375,9.971657419204712,0.8079207897186279,50.33537073135376
337,0.48302696347236634,9.66907458305359,0.78125,10.001482152938843,0.8306930661201477,50.4802384853363
338,0.46353879570961,9.705867338180543,0.86875,10.031138706207276,0.8009900927543641,50.62514381408691
339,0.4780090808868408,9.742791414260864,0.76875,10.060882997512817,0.8039603948593139,50.770240449905394
340,0.4512107908725739,9.779776811599731,0.74375,10.090621376037598,0.804950499534607,50.91516828536987
341,0.4410979598760605,9.816838932037353,0.81875,10.12007932662964,0.8267326831817627,51.05995588302612
342,0.4848569095134735,9.853388023376464,0.76875,10.149785280227661,0.8128713011741638,51.20449447631836
343,0.505698961019516,9.88986930847168,0.81875,10.179713726043701,0.798019802570343,51.34960517883301
344,0.46256053149700166,9.926338243484498,0.7875,10.209518909454346,0.8287128686904908,51.49466352462768
345,0.48796367049217226,9.962727355957032,0.85625,10.239057111740113,0.8316831707954406,51.6415048122406
346,0.4898431420326233,9.999131870269775,0.825,10.268695545196532,0.799009907245636,51.78751044273376
347,0.472837096452713,10.035646724700928,0.84375,10.298713159561157,0.8188118815422059,51.9333824634552
348,0.5441945612430572,10.088102102279663,0.75625,10.328247165679931,0.8168316960334778,52.0783230304718
349,0.5606859505176545,10.140891933441162,0.8375,10.358083343505859,0.8297029733657837,52.22334246635437
350,0.5456357836723328,10.192602920532227,0.81875,10.387634372711181,0.8405940651893615,52.368720054626465
351,0.5697540938854218,10.244244861602784,0.85,10.4174373626709,0.8237623810768128,52.513791942596434
352,0.5460961401462555,10.295853853225708,0.76875,10.447798013687134,0.8188118934631348,52.65985679626465
353,0.6000891923904419,10.347360754013062,0.825,10.478433847427368,0.8247524738311768,52.805168533325194
354,0.5960967898368835,10.398866128921508,0.83125,10.508128595352172,0.8445544600486755,52.95039963722229
355,0.6057079195976257,10.45040512084961,0.81875,10.537612533569336,0.8376237630844117,53.09569211006165
356,0.5570240676403045,10.502168750762939,0.8375,10.567840385437012,0.8207920908927917,53.24116463661194
357,0.566778153181076,10.553871393203735,0.81875,10.597666692733764,0.8336633682250977,53.38868412971497
358,0.606033194065094,10.604870462417603,0.81875,10.627596616744995,0.8277227878570557,53.53704543113709
359,0.6178490400314331,10.656317758560181,0.80625,10.657707595825196,0.811881172657013,53.68447318077087
360,0.5640395998954773,10.707408571243286,0.8125,10.687735986709594,0.8257425785064697,53.83235602378845
361,0.6105947971343995,10.758307456970215,0.775,10.717457580566407,0.8316831707954406,53.979787302017215
362,0.5928270757198334,10.809110832214355,0.81875,10.746809387207032,0.809900987148285,54.12736001014709
363,0.5905567586421967,10.859726095199585,0.7875,10.776150846481324,0.8326732635498046,54.27517342567444
364,0.5662050008773803,10.910375118255615,0.83125,10.806365442276,0.8316831707954406,54.42317419052124
365,0.5903272330760956,10.962926435470582,0.7875,10.836338233947753,0.8287128686904908,54.5710690498352
366,0.5944074988365173,11.015821361541748,0.8625,10.86632752418518,0.8386138558387757,54.718546628952026
367,0.5985585987567902,11.068203735351563,0.8375,10.895886135101318,0.8168316960334778,54.8662691116333
368,0.5800891995429993,11.120586156845093,0.81875,10.9260817527771,0.8287128925323486,55.01389555931091
369,0.6094747185707092,11.172888898849488,0.83125,10.955539798736572,0.8336633682250977,55.16163778305054
370,0.6032120108604431,11.224665021896362,0.8875,10.984822320938111,0.8168316841125488,55.30920414924621
371,0.5797796607017517,11.276475620269775,0.775,11.014465618133546,0.8207920789718628,55.45629234313965
372,0.5772916197776794,11.328879737854004,0.7875,11.044126844406128,0.8267326593399048,55.6035870552063
373,0.5936717212200164,11.38098759651184,0.83125,11.074161958694457,0.8178217887878418,55.74854407310486
374,0.647873318195343,11.433247518539428,0.83125,11.103603219985962,0.8227722764015197,55.89227042198181
375,0.5961676180362702,11.485122728347779,0.81875,11.13330898284912,0.8504950404167175,56.034636878967284
376,0.5929319977760314,11.537021112442016,0.8125,11.162750387191773,0.8297029733657837,56.17767672538757
377,0.6082576036453247,11.58895411491394,0.81875,11.192430877685547,0.8326732754707337,56.31987729072571
378,0.5606203734874725,11.640900039672852,0.8,11.222253131866456,0.8267326712608337,56.46396455764771
379,0.5926723062992096,11.69273829460144,0.825,11.251793098449706,0.8089108824729919,56.60850043296814
380,0.591246634721756,11.74465799331665,0.8375,11.281375551223755,0.8148514866828919,56.756003618240356
381,0.5858285784721374,11.796642971038818,0.86875,11.311216592788696,0.8188118696212768,56.90155763626099
382,0.6180536329746247,11.848655033111573,0.775,11.340855264663697,0.8287128806114197,57.04757394790649
383,0.6005154550075531,11.900368309020996,0.85,11.370136499404907,0.8316831827163697,57.19221835136413
384,0.6097960650920868,11.952121782302857,0.8875,11.399486112594605,0.8306930780410766,57.339105939865114
385,0.6080529808998107,12.003991222381591,0.79375,11.429470872879028,0.8405940651893615,57.486371755599976
386,0.5832789003849029,12.055669260025024,0.8125,11.45936450958252,0.8336633682250977,57.631396007537845
387,0.6634542346000671,12.110148239135743,0.83125,11.489137744903564,0.8237623810768128,57.777752161026
388,0.5906455844640732,12.162321615219117,0.80625,11.518724298477172,0.8514851450920105,57.92416615486145
389,0.681004422903061,12.213772964477538,0.85,11.54864592552185,0.8257425785064697,58.071197509765625
390,0.706882119178772,12.265728425979614,0.76875,11.578384685516358,0.8306930780410766,58.218416690826416
391,0.6688328444957733,12.317091751098634,0.76875,11.607869243621826,0.806930685043335,58.367051124572754
392,0.6741029262542725,12.368349885940551,0.80625,11.637298631668092,0.8118811845779419,58.51521534919739
393,0.6504417538642884,12.419437360763549,0.76875,11.666600751876832,0.8237623929977417,58.66430654525757
394,0.6565023541450501,12.47054648399353,0.83125,11.696195697784423,0.8297029733657837,58.813653564453126
395,0.6904014408588409,12.521727371215821,0.8,11.725632429122925,0.802970290184021,58.963962364196775
396,0.6719018876552582,12.57293930053711,0.85625,11.755093336105347,0.8277227759361268,59.11277093887329
397,0.6913934588432312,12.624221277236938,0.76875,11.784877014160156,0.8514851570129395,59.261301374435426
398,0.711020690202713,12.675438022613525,0.81875,11.814811849594117,0.8049504876136779,59.40665655136108
399,0.7236115276813507,12.727636241912842,0.825,11.844550466537475,0.8386138677597046,59.5518798828125
400,0.6585030913352966,12.779161977767945,0.825,11.87400221824646,0.798019814491272,59.697329092025754
401,0.6660560250282288,12.83078875541687,0.80625,11.90338625907898,0.8138613820075988,59.84211716651917
402,0.7240777313709259,12.88232879638672,0.875,11.93326802253723,0.8287128806114197,59.987005662918094
403,0.6704140067100525,12.933869409561158,0.79375,11.962834692001342,0.8227722883224488,60.13154282569885
404,0.7166185200214386,12.985471391677857,0.83125,11.99256763458252,0.8247524857521057,60.277380514144895
405,0.7135172784328461,13.0366765499115,0.8125,12.021699905395508,0.8386138439178467,60.423637580871585
406,0.6973168313503265,13.088228607177735,0.79375,12.051099634170532,0.8376237630844117,60.572388315200804
407,0.7606085896492004,13.139539432525634,0.84375,12.080781173706054,0.8198019742965699,60.73184633255005
408,0.7067092478275299,13.191001224517823,0.85,12.110237121582031,0.8089108824729919,60.87913656234741
409,0.7074211895465851,13.242562866210937,0.83125,12.139925384521485,0.8237623929977417,61.02566518783569
410,0.6864979267120361,13.294554519653321,0.75,12.169327306747437,0.8376237630844117,61.17240099906921
411,0.6995059370994567,13.347266054153442,0.8375,12.199249076843262,0.8257425785064697,61.3195155620575
412,0.7324921309947967,13.399350452423096,0.9,12.22868537902832,0.8168316841125488,61.46604738235474
413,0.6943777084350586,13.451116228103638,0.81875,12.258275175094605,0.8316831588745117,61.612591123580934
414,0.7261046946048737,13.502709817886352,0.76875,12.287550830841065,0.8465346574783326,61.76175436973572
415,0.6935644090175629,13.556094884872437,0.78125,12.31700267791748,0.8376237630844117,61.910125160217284
416,0.7291704714298248,13.608923244476319,0.7625,12.346596431732177,0.8217821836471557,62.061219215393066
417,0.6954976141452789,13.661840867996215,0.80625,12.37605528831482,0.8336633682250977,62.20944013595581
418,0.6919529795646667,13.714256429672242,0.80625,12.40566806793213,0.8188118815422059,62.35722665786743
419,0.7047050893306732,13.76630392074585,0.78125,12.435068035125733,0.8534653425216675,62.506594562530516
420,0.7154403626918793,13.81833848953247,0.85625,12.465235376358033,0.8287128567695617,62.655692672729494
421,0.6940762102603912,13.87040696144104,0.80625,12.494572925567628,0.8237623810768128,62.804116344451906
422,0.6686176151037216,13.924720907211304,0.8125,12.523929452896118,0.8287128686904908,62.95322208404541
423,0.7233657658100128,13.977950143814088,0.81875,12.553254461288452,0.8247524738311768,63.09755349159241
424,0.7274348974227905,14.031098222732544,0.83125,12.582707691192628,0.8346534729003906,63.24209604263306
425,0.7071667432785034,14.096836614608765,0.8,12.612104272842407,0.8336633801460266,63.38701634407043
426,0.6883858978748322,14.160710859298707,0.8,12.641371488571167,0.8099009990692139,63.53152613639831
427,0.7395166397094727,14.224332141876221,0.85,12.670791912078858,0.8405940651893615,63.67614588737488
428,0.7123745977878571,14.287720823287964,0.825,12.70051383972168,0.8227722764015197,63.82236914634704
429,0.7225354254245758,14.35064868927002,0.85,12.73050045967102,0.8297029733657837,63.96746854782104
430,0.6616977214813232,14.413638257980347,0.83125,12.760073232650758,0.8168316960334778,64.11434173583984
431,0.7546703338623046,14.475480699539185,0.76875,12.789313364028931,0.8346534729003906,64.25975518226623
432,0.7528388261795044,14.537475109100342,0.80625,12.818707847595215,0.8257425785064697,64.40504627227783
433,0.7414436876773834,14.599814653396606,0.8375,12.848691320419311,0.8356435656547546,64.55089855194092
434,0.7404403507709503,14.66166033744812,0.80625,12.87830672264099,0.8346534609794617,64.69804282188416
435,0.7067407310009003,14.723400783538818,0.91875,12.9082040309906,0.8396039605140686,64.84695620536804
436,0.7159460127353668,14.78510603904724,0.7875,12.93789463043213,0.8425742626190186,64.99537210464477
437,0.7359133660793304,14.846860980987548,0.84375,12.967943620681762,0.8405940532684326,65.14383239746094
438,0.7127010583877563,14.908822727203368,0.775,12.997290325164794,0.8336633801460266,65.29183611869811
439,0.7354291260242463,14.975606060028076,0.84375,13.026678085327148,0.8534653544425964,65.4405390739441
440,0.7487932920455933,15.040827798843384,0.825,13.057836008071899,0.8198019862174988,65.58817038536071
441,0.7581606149673462,15.106096076965333,0.85625,13.08832507133484,0.8316831588745117,65.73621969223022
442,0.7685143828392029,15.171120405197144,0.775,13.118377542495727,0.8415841579437255,65.88428239822387
443,0.7185051083564759,15.23650484085083,0.825,13.148002767562867,0.8495049595832824,66.03230128288268
444,0.7463265717029571,15.301620626449585,0.85625,13.177843379974366,0.8425742506980896,66.18044257164001
445,0.737691855430603,15.36717643737793,0.725,13.207631349563599,0.8366336703300477,66.32898120880127
446,0.7238639950752258,15.432236289978027,0.80625,13.237155628204345,0.8198019862174988,66.47837858200073
447,0.7446132779121399,15.497262763977051,0.8,13.266827964782715,0.8168316960334778,66.6271074771881
448,0.742839914560318,15.565154695510865,0.83125,13.296292114257813,0.8188118815422059,66.77535090446472
449,0.7608477532863617,15.631989431381225,0.83125,13.326036214828491,0.8326732754707337,66.92389459609986
450,0.729860931634903,15.698498630523682,0.81875,13.356020307540893,0.8574257373809815,67.07271542549134
451,0.7658916711807251,15.765055179595947,0.8625,13.3859046459198,0.8514851450920105,67.22086610794068
452,0.7357013583183288,15.832688236236573,0.85625,13.415260839462281,0.8267326831817627,67.36668100357056
453,0.7868057250976562,15.899492645263672,0.825,13.444821500778199,0.8237623810768128,67.51196889877319
454,0.7667075753211975,15.966353750228881,0.8125,13.474815797805785,0.8326732635498046,67.65742292404175
455,0.7560211956501007,16.03594641685486,0.80625,13.504158020019531,0.8435643553733826,67.80323886871338
456,0.7479406952857971,16.103307723999023,0.8,13.53373098373413,0.8326732754707337,67.9491732597351
457,0.740425580739975,16.169720220565797,0.825,13.56337604522705,0.8396039605140686,68.09543871879578
458,0.7475510656833648,16.236065101623534,0.8375,13.593517875671386,0.8376237630844117,68.24097580909729
459,0.7395642697811127,16.302548265457155,0.83125,13.623276662826537,0.8485148549079895,68.38821291923523
460,0.7739297151565552,16.369575786590577,0.84375,13.652835035324097,0.8425742506980896,68.537317943573
461,0.7720806717872619,16.43601417541504,0.8625,13.68269877433777,0.8366336822509766,68.68637051582337
462,0.7708482861518859,16.502542400360106,0.8625,13.712404584884643,0.8514851450920105,68.83543062210083
463,0.750450873374939,16.568968296051025,0.86875,13.741843938827515,0.8237623810768128,68.98399510383607
464,0.7756369352340698,16.636446905136108,0.84375,13.771560096740723,0.8108911037445068,69.13033828735351
465,0.7465188562870025,16.70378737449646,0.8625,13.801104068756104,0.8158415794372559,69.2772515296936
466,0.7306378662586213,16.77115445137024,0.86875,13.831310892105103,0.8465346574783326,69.42351951599122
467,0.7936814069747925,16.838336610794066,0.84375,13.861150646209717,0.8247524857521057,69.56989345550537
468,0.753751027584076,16.90542325973511,0.80625,13.891128301620483,0.8366336703300477,69.71516714096069
469,0.7586087584495544,16.97259650230408,0.81875,13.920596837997437,0.8188118815422059,69.86053876876831
470,0.7183287560939788,17.039651727676393,0.875,13.950073051452637,0.8316831707954406,70.00710339546204
471,0.740375030040741,17.10791997909546,0.875,13.98001570701599,0.8287128686904908,70.15441670417786
472,0.7630907535552979,17.17475256919861,0.83125,14.009558010101319,0.8217821836471557,70.3023181438446
473,0.7393694519996643,17.241407012939455,0.81875,14.039215183258056,0.8346534729003906,70.44955286979675
474,0.7506349205970764,17.308190441131593,0.79375,14.068701267242432,0.8128713011741638,70.59579186439514
475,0.7925049424171448,17.375493574142457,0.8125,14.098873233795166,0.805940592288971,70.74287271499634
476,0.7443338751792907,17.442794418334962,0.85625,14.128423309326172,0.8386138558387757,70.88893613815307
477,0.7692929267883301,17.50985598564148,0.88125,14.15796217918396,0.8247524738311768,71.03510131835938
478,0.7889677286148071,17.57646679878235,0.84375,14.18760061264038,0.8376237630844117,71.18220415115357
479,0.7659397900104523,17.642902231216432,0.86875,14.217269134521484,0.8485148429870606,71.33172965049744
480,0.771293842792511,17.709443664550783,0.825,14.246926641464233,0.8207920789718628,71.48317918777465
481,0.7920193910598755,17.775958919525145,0.80625,14.276310348510743,0.8227722883224488,71.63289341926574
482,0.7530039727687836,17.84256706237793,0.81875,14.305955410003662,0.8415841579437255,71.78295893669129
483,0.761321896314621,17.910623455047606,0.8625,14.335808324813843,0.8297029614448548,71.93302855491638
484,0.7422323107719422,17.977801513671874,0.85,14.365414667129517,0.8376237511634826,72.08341012001037
485,0.7665398240089416,18.052375888824464,0.8375,14.395555686950683,0.8376237630844117,72.23398990631104
486,0.7906229972839356,18.124755668640137,0.7625,14.425134992599487,0.8356435537338257,72.38365445137023
487,0.7914848148822784,18.196300411224364,0.78125,14.45454936027527,0.8297029733657837,72.53329191207885
488,0.7642725467681885,18.267780303955078,0.825,14.484376335144043,0.8386138558387757,72.6843309879303
489,0.752664840221405,18.33897485733032,0.825,14.51376814842224,0.8316831588745117,72.83576722145081
490,0.7581610977649689,18.410315084457398,0.81875,14.543388032913208,0.8504950404167175,72.99018716812134
491,0.7690876722335815,18.481496000289916,0.8125,14.572664546966553,0.8267326831817627,73.14351305961608
492,0.7385147035121917,18.552603578567506,0.89375,14.603463745117187,0.8326732635498046,73.29734454154968
493,0.7834925651550293,18.623805809020997,0.8,14.633675241470337,0.8455445408821106,73.44865322113037
494,0.7628203868865967,18.69492530822754,0.89375,14.663159656524659,0.8653465390205384,73.59811415672303
495,0.7536585390567779,18.76609559059143,0.81875,14.692655515670776,0.8287128567695617,73.74795489311218
496,0.7631184756755829,18.83743586540222,0.81875,14.722565460205079,0.8237623810768128,73.89847979545593
497,0.7953519940376281,18.908559703826903,0.81875,14.752161312103272,0.8257425785064697,74.05024600028992
498,0.7781262159347534,18.97981815338135,0.84375,14.781660270690917,0.8297029733657837,74.19918112754821
499,0.7831434667110443,19.051096391677856,0.875,14.811341571807862,0.8267326712608337,74.34866318702697
